STAT_ID,Latitude,Longitude,geometry
400001,-32.31,18.33,POINT (18.33 -32.31)
400002,-32.31,18.34,POINT (18.34 -32.31)
400003,-32.31,18.34,POINT (18.34 -32.31)
400004,-32.31,18.35,POINT (18.35 -32.31)
400005,-32.34,18.42,POINT (18.42 -32.34)
400006,-32.34,18.42,POINT (18.42 -32.34)
400008,-32.5,18.6,POINT (18.6 -32.5)
400011,-32.6,18.77,POINT (18.77 -32.6)
400012,-32.2,18.38,POINT (18.38 -32.2)
400013,-32.08,18.37,POINT (18.37 -32.08)
400014,-25.59,27.29,POINT (27.29 -25.59)
400016,-32.1,18.39,POINT (18.39 -32.1)
400017,-32.11,18.42,POINT (18.42 -32.11)
400018,-32.34,18.71,POINT (18.71 -32.34)
400019,-32.25,18.75,POINT (18.75 -32.25)
400020,-32.81,27.63,POINT (27.63 -32.81)
400021,-32.85,27.65,POINT (27.65 -32.85)
400022,-32.89,27.75,POINT (27.75 -32.89)
400023,-32.89,27.77,POINT (27.77 -32.89)
400024,-32.91,27.8,POINT (27.8 -32.91)
400025,-31.49,28.47,POINT (28.47 -31.49)
400026,-31.48,28.5,POINT (28.5 -31.48)
400027,-31.55,28.74,POINT (28.74 -31.55)
400028,-31.57,28.77,POINT (28.77 -31.57)
400029,-31.58,28.79,POINT (28.79 -31.58)
400030,-31.58,28.8,POINT (28.8 -31.58)
400031,-31.6,28.82,POINT (28.82 -31.6)
400032,-31.61,28.82,POINT (28.82 -31.61)
400033,-32.64,27.19,POINT (27.19 -32.64)
400034,-32.67,27.14,POINT (27.14 -32.67)
400035,-32.68,27.15,POINT (27.15 -32.68)
400036,-31.56,28.72,POINT (28.72 -31.56)
400037,-32.87,27.38,POINT (27.38 -32.87)
400038,-32.93,27.43,POINT (27.43 -32.93)
400039,-32.94,27.46,POINT (27.46 -32.94)
400040,-32.93,27.47,POINT (27.47 -32.93)
400041,-25.47,31.1,POINT (31.1 -25.47)
400042,-26.19,29.18,POINT (29.18 -26.19)
400043,-25.69,30.25,POINT (30.25 -25.69)
400044,-25.59,30.57,POINT (30.57 -25.59)
400045,-25.49,30.69,POINT (30.69 -25.49)
400046,-26.53,29.12,POINT (29.12 -26.53)
400047,-26.56,29.15,POINT (29.15 -26.56)
400050,-26.47,28.99,POINT (28.99 -26.47)
400051,-26.5,29.01,POINT (29.01 -26.5)
400052,-26.45,29.08,POINT (29.08 -26.45)
400053,-26.46,29.07,POINT (29.07 -26.46)
400054,-26.51,29.15,POINT (29.15 -26.51)
400055,-26.49,29.17,POINT (29.17 -26.49)
400057,-26.55,29.07,POINT (29.07 -26.55)
400059,-26.5,29.05,POINT (29.05 -26.5)
400060,-24.12,29.0,POINT (29 -24.12)
400061,-24.13,28.96,POINT (28.96 -24.13)
400062,-24.03,28.9,POINT (28.9 -24.03)
400063,-24.19,28.97,POINT (28.97 -24.19)
400064,-24.24,28.97,POINT (28.97 -24.24)
400065,-24.49,28.54,POINT (28.54 -24.49)
400066,-24.47,28.68,POINT (28.68 -24.47)
400067,-24.48,28.66,POINT (28.66 -24.48)
400068,-24.7,28.42,POINT (28.42 -24.7)
400069,-23.87,28.68,POINT (28.68 -23.87)
400070,-26.29,28.2,POINT (28.2 -26.29)
400071,-26.5,29.44,POINT (29.44 -26.5)
400072,-26.5,29.44,POINT (29.44 -26.5)
400073,-26.5,29.44,POINT (29.44 -26.5)
400074,-26.58,30.09,POINT (30.09 -26.58)
400075,-27.42,28.53,POINT (28.53 -27.42)
400078,-28.27,28.37,POINT (28.37 -28.27)
400079,-28.19,28.34,POINT (28.34 -28.19)
400080,-26.3,27.9,POINT (27.9 -26.3)
400083,-26.35,28.08,POINT (28.08 -26.35)
400084,-26.7,28.93,POINT (28.93 -26.7)
400085,-26.42,28.16,POINT (28.16 -26.42)
400086,-26.3,28.33,POINT (28.33 -26.3)
400087,-26.32,28.33,POINT (28.33 -26.32)
400088,-26.37,28.23,POINT (28.23 -26.37)
400089,-26.42,28.18,POINT (28.18 -26.42)
400090,-26.28,28.16,POINT (28.16 -26.28)
400091,-26.4,28.09,POINT (28.09 -26.4)
400097,-26.42,27.68,POINT (27.68 -26.42)
400099,-26.49,27.69,POINT (27.69 -26.49)
400102,-26.57,27.79,POINT (27.79 -26.57)
400106,-25.83,28.12,POINT (28.12 -25.83)
400107,-25.96,28.3,POINT (28.3 -25.96)
400108,-26.01,28.3,POINT (28.3 -26.01)
400109,-26.02,28.31,POINT (28.31 -26.02)
400110,-26.05,28.26,POINT (28.26 -26.05)
400111,-25.83,28.12,POINT (28.12 -25.83)
400112,-25.82,28.08,POINT (28.08 -25.82)
400113,-25.83,28.1,POINT (28.1 -25.83)
400115,-25.83,28.04,POINT (28.04 -25.83)
400116,-25.92,28.22,POINT (28.22 -25.92)
400117,-25.88,27.93,POINT (27.93 -25.88)
400118,-25.78,28.19,POINT (28.19 -25.78)
400119,-25.32,27.82,POINT (27.82 -25.32)
400120,-25.61,28.09,POINT (28.09 -25.61)
400123,-25.52,28.02,POINT (28.02 -25.52)
400125,-25.49,28.02,POINT (28.02 -25.49)
400127,-25.86,27.61,POINT (27.61 -25.86)
400132,-26.03,27.85,POINT (27.85 -26.03)
400133,-26.02,28.34,POINT (28.34 -26.02)
400134,-26.02,28.33,POINT (28.33 -26.02)
400137,-25.6,28.0,POINT (28 -25.6)
400138,-28.5,28.83,POINT (28.83 -28.5)
400139,-28.22,28.85,POINT (28.85 -28.22)
400140,-28.22,28.96,POINT (28.96 -28.22)
400143,-28.01,28.24,POINT (28.24 -28.01)
400145,-25.44,27.96,POINT (27.96 -25.44)
400146,-32.17,26.83,POINT (26.83 -32.17)
400147,-32.17,26.83,POINT (26.83 -32.17)
400148,-25.06,30.43,POINT (30.43 -25.06)
400149,-25.55,28.01,POINT (28.01 -25.55)
400150,-27.35,29.48,POINT (29.48 -27.35)
400153,-27.41,29.18,POINT (29.18 -27.41)
400154,-27.66,29.56,POINT (29.56 -27.66)
400155,-27.68,29.57,POINT (29.57 -27.68)
400156,-27.26,29.78,POINT (29.78 -27.26)
400157,-26.96,29.24,POINT (29.24 -26.96)
400163,-33.86,18.83,POINT (18.83 -33.86)
400164,-25.85,28.45,POINT (28.45 -25.85)
400166,-25.65,28.3,POINT (28.3 -25.65)
400167,-25.66,28.35,POINT (28.35 -25.66)
400169,-25.67,28.4,POINT (28.4 -25.67)
400170,-25.67,28.35,POINT (28.35 -25.67)
400171,-25.6,28.36,POINT (28.36 -25.6)
400173,-25.45,28.1,POINT (28.1 -25.45)
400175,-25.85,27.64,POINT (27.64 -25.85)
400176,-25.89,27.58,POINT (27.58 -25.89)
400177,-25.98,26.39,POINT (26.39 -25.98)
400178,-26.04,27.78,POINT (27.78 -26.04)
400179,-25.82,26.43,POINT (26.43 -25.82)
400182,-26.1,27.83,POINT (27.83 -26.1)
400183,-25.96,27.81,POINT (27.81 -25.96)
400186,-26.4,28.09,POINT (28.09 -26.4)
400187,-26.82,27.93,POINT (27.93 -26.82)
400194,-33.91,18.88,POINT (18.88 -33.91)
400195,-33.92,18.87,POINT (18.87 -33.92)
400196,-33.92,18.87,POINT (18.87 -33.92)
400197,-33.9,18.84,POINT (18.84 -33.9)
400198,-33.92,18.85,POINT (18.85 -33.92)
400199,-33.94,18.84,POINT (18.84 -33.94)
400200,-33.93,18.82,POINT (18.82 -33.93)
400201,-26.84,27.65,POINT (27.65 -26.84)
400202,-33.94,18.82,POINT (18.82 -33.94)
400203,-33.94,18.82,POINT (18.82 -33.94)
400204,-33.97,18.93,POINT (18.93 -33.97)
400205,-33.94,18.89,POINT (18.89 -33.94)
400206,-33.94,18.83,POINT (18.83 -33.94)
400207,-33.96,18.81,POINT (18.81 -33.96)
400211,-33.32,19.29,POINT (19.29 -33.32)
400212,-33.34,19.29,POINT (19.29 -33.34)
400213,-33.35,19.3,POINT (19.3 -33.35)
400214,-33.36,19.3,POINT (19.3 -33.36)
400215,-33.37,19.32,POINT (19.32 -33.37)
400216,-26.11,27.66,POINT (27.66 -26.11)
400217,-24.89,28.29,POINT (28.29 -24.89)
400218,-25.21,28.29,POINT (28.29 -25.21)
400220,-33.38,19.33,POINT (19.33 -33.38)
400224,-33.32,19.41,POINT (19.41 -33.32)
400226,-24.37,30.66,POINT (30.66 -24.37)
400227,-25.17,30.37,POINT (30.37 -25.17)
400228,-25.22,30.3,POINT (30.3 -25.22)
400229,-24.18,30.82,POINT (30.82 -24.18)
400230,-27.01,29.03,POINT (29.03 -27.01)
400231,-24.18,30.81,POINT (30.81 -24.18)
400232,-23.97,31.07,POINT (31.07 -23.97)
400233,-24.03,31.13,POINT (31.13 -24.03)
400234,-24.54,31.03,POINT (31.03 -24.54)
400235,-24.4,30.79,POINT (30.79 -24.4)
400236,-24.44,30.59,POINT (30.59 -24.44)
400237,-24.43,30.61,POINT (30.61 -24.43)
400238,-24.45,30.6,POINT (30.6 -24.45)
400239,-24.72,30.57,POINT (30.57 -24.72)
400240,-24.86,30.56,POINT (30.56 -24.86)
400241,-24.88,30.75,POINT (30.75 -24.88)
400242,-24.9,30.74,POINT (30.74 -24.9)
400243,-24.88,30.76,POINT (30.76 -24.88)
400244,-25.0,30.49,POINT (30.49 -25)
400245,-24.3,29.56,POINT (29.56 -24.3)
400246,-24.53,29.58,POINT (29.58 -24.53)
400247,-24.77,29.42,POINT (29.42 -24.77)
400248,-25.46,30.95,POINT (30.95 -25.46)
400249,-24.43,29.74,POINT (29.74 -24.43)
400250,-24.49,29.56,POINT (29.56 -24.49)
400251,-24.25,29.8,POINT (29.8 -24.25)
400252,-24.4,30.08,POINT (30.08 -24.4)
400253,-24.65,30.3,POINT (30.3 -24.65)
400254,-24.84,30.08,POINT (30.08 -24.84)
400255,-24.96,29.95,POINT (29.95 -24.96)
400256,-25.09,29.86,POINT (29.86 -25.09)
400257,-24.9,30.1,POINT (30.1 -24.9)
400258,-25.06,30.44,POINT (30.44 -25.06)
400259,-25.59,30.07,POINT (30.07 -25.59)
400260,-25.43,29.85,POINT (29.85 -25.43)
400261,-25.39,29.82,POINT (29.82 -25.39)
400262,-25.35,29.86,POINT (29.86 -25.35)
400263,-24.71,30.19,POINT (30.19 -24.71)
400264,-24.71,30.2,POINT (30.2 -24.71)
400265,-25.18,29.93,POINT (29.93 -25.18)
400266,-25.18,29.93,POINT (29.93 -25.18)
400267,-22.89,30.5,POINT (30.5 -22.89)
400268,-32.8,27.46,POINT (27.46 -32.8)
400272,-33.81,18.78,POINT (18.78 -33.81)
400273,-33.77,18.72,POINT (18.72 -33.77)
400274,-33.76,18.71,POINT (18.71 -33.76)
400275,-33.71,18.71,POINT (18.71 -33.71)
400276,-33.7,18.7,POINT (18.7 -33.7)
400277,-33.8,18.86,POINT (18.86 -33.8)
400278,-33.47,18.8,POINT (18.8 -33.47)
400279,-33.42,18.75,POINT (18.75 -33.42)
400280,-33.46,18.72,POINT (18.72 -33.46)
400281,-33.48,18.67,POINT (18.67 -33.48)
400282,-33.57,18.64,POINT (18.64 -33.57)
400283,-33.67,18.6,POINT (18.6 -33.67)
400284,-33.68,18.61,POINT (18.61 -33.68)
400285,-33.79,18.54,POINT (18.54 -33.79)
400286,-33.55,18.61,POINT (18.61 -33.55)
400287,-33.67,18.6,POINT (18.6 -33.67)
400288,-33.83,18.52,POINT (18.52 -33.83)
400289,-33.85,18.49,POINT (18.49 -33.85)
400290,-33.97,18.83,POINT (18.83 -33.97)
400291,-26.14,27.67,POINT (27.67 -26.14)
400292,-25.78,27.76,POINT (27.76 -25.78)
400299,-26.07,27.72,POINT (27.72 -26.07)
400303,-26.01,27.83,POINT (27.83 -26.01)
400304,-32.94,27.89,POINT (27.89 -32.94)
400305,-32.96,27.91,POINT (27.91 -32.96)
400307,-26.0,27.83,POINT (27.83 -26)
400308,-26.06,27.72,POINT (27.72 -26.06)
400314,-26.51,29.9,POINT (29.9 -26.51)
400315,-26.91,29.87,POINT (29.87 -26.91)
400328,-26.77,29.92,POINT (29.92 -26.77)
400330,-33.0,27.82,POINT (27.82 -33)
400331,-26.51,29.79,POINT (29.79 -26.51)
400338,-32.87,26.89,POINT (26.89 -32.87)
400339,-33.18,27.39,POINT (27.39 -33.18)
400340,-33.06,27.21,POINT (27.21 -33.06)
400341,-32.83,26.99,POINT (26.99 -32.83)
400358,-25.65,28.18,POINT (28.18 -25.65)
400359,-25.73,28.17,POINT (28.17 -25.73)
400360,-25.56,28.22,POINT (28.22 -25.56)
400361,-25.55,28.24,POINT (28.24 -25.55)
400363,-25.5,28.24,POINT (28.24 -25.5)
400365,-25.34,28.27,POINT (28.27 -25.34)
400366,-25.74,28.14,POINT (28.14 -25.74)
400370,-27.74,31.02,POINT (31.02 -27.74)
400371,-27.74,31.02,POINT (31.02 -27.74)
400372,-27.72,31.02,POINT (31.02 -27.72)
400375,-26.55,27.81,POINT (27.81 -26.55)
400376,-26.54,27.8,POINT (27.8 -26.54)
400377,-26.64,27.74,POINT (27.74 -26.64)
400378,-26.78,30.12,POINT (30.12 -26.78)
400381,-28.05,29.95,POINT (29.95 -28.05)
400382,-27.18,29.23,POINT (29.23 -27.18)
400383,-28.07,29.93,POINT (29.93 -28.07)
400384,-28.06,29.84,POINT (29.84 -28.06)
400386,-28.04,29.78,POINT (29.78 -28.04)
400387,-27.02,30.79,POINT (30.79 -27.02)
400392,-27.41,31.12,POINT (31.12 -27.41)
400393,-25.59,28.2,POINT (28.2 -25.59)
400395,-27.72,30.02,POINT (30.02 -27.72)
400396,-27.72,30.05,POINT (30.05 -27.72)
400398,-27.13,30.37,POINT (30.37 -27.13)
400401,-32.74,18.88,POINT (18.88 -32.74)
400402,-31.67,18.66,POINT (18.66 -31.67)
400417,-24.1,28.93,POINT (28.93 -24.1)
400437,-25.95,28.2,POINT (28.2 -25.95)
400438,-26.02,27.72,POINT (27.72 -26.02)
400439,-27.4,30.66,POINT (30.66 -27.4)
400440,-27.37,30.68,POINT (30.68 -27.37)
400441,-27.74,31.01,POINT (31.01 -27.74)
400442,-26.14,27.67,POINT (27.67 -26.14)
400443,-28.7,24.07,POINT (24.07 -28.7)
400444,-28.71,24.07,POINT (24.07 -28.71)
400445,-31.0,26.35,POINT (26.35 -31)
400446,-30.67,26.71,POINT (26.71 -30.67)
400447,-30.16,27.4,POINT (27.4 -30.16)
400448,-30.33,27.35,POINT (27.35 -30.33)
400449,-30.83,26.92,POINT (26.92 -30.83)
400450,-29.53,28.15,POINT (28.15 -29.53)
400451,-29.46,28.63,POINT (28.63 -29.46)
400452,-30.03,27.5,POINT (27.5 -30.03)
400453,-28.69,28.23,POINT (28.23 -28.69)
400454,-28.88,27.89,POINT (27.89 -28.88)
400455,-30.27,26.65,POINT (26.65 -30.27)
400456,-29.6,27.06,POINT (27.06 -29.6)
400457,-29.16,23.69,POINT (23.69 -29.16)
400458,-29.99,24.72,POINT (24.72 -29.99)
400459,-30.58,25.41,POINT (25.41 -30.58)
400460,-30.53,24.96,POINT (24.96 -30.53)
400461,-25.85,25.86,POINT (25.86 -25.85)
400462,-25.86,25.65,POINT (25.65 -25.86)
400463,-31.81,20.57,POINT (20.57 -31.81)
400464,-30.47,20.51,POINT (20.51 -30.47)
400465,-31.43,20.47,POINT (20.47 -31.43)
400466,-31.65,21.76,POINT (21.76 -31.65)
400467,-31.39,20.94,POINT (20.94 -31.39)
400468,-29.65,22.74,POINT (22.74 -29.65)
400469,-28.46,21.24,POINT (21.24 -28.46)
400470,-29.02,22.18,POINT (22.18 -29.02)
400471,-29.18,23.57,POINT (23.57 -29.18)
400472,-28.76,20.72,POINT (20.72 -28.76)
400473,-28.76,17.73,POINT (17.73 -28.76)
400474,-28.73,19.3,POINT (19.3 -28.73)
400475,-28.48,16.69,POINT (16.69 -28.48)
400476,-28.96,19.15,POINT (19.15 -28.96)
400477,-28.56,16.5,POINT (16.5 -28.56)
400478,-32.21,18.93,POINT (18.93 -32.21)
400479,-32.18,18.87,POINT (18.87 -32.18)
400480,-32.59,19.0,POINT (19 -32.59)
400481,-32.5,19.53,POINT (19.53 -32.5)
400482,-31.86,18.68,POINT (18.68 -31.86)
400483,-32.78,19.28,POINT (19.28 -32.78)
400484,-33.11,19.39,POINT (19.39 -33.11)
400485,-33.89,19.07,POINT (19.07 -33.89)
400486,-33.92,19.06,POINT (19.06 -33.92)
400487,-33.31,19.07,POINT (19.07 -33.31)
400488,-33.39,19.17,POINT (19.17 -33.39)
400489,-33.39,19.15,POINT (19.15 -33.39)
400490,-33.35,19.1,POINT (19.1 -33.35)
400491,-33.13,18.86,POINT (18.86 -33.13)
400493,-33.7,18.97,POINT (18.97 -33.7)
400494,-33.18,19.15,POINT (19.15 -33.18)
400495,-32.92,18.32,POINT (18.32 -32.92)
400496,-32.81,18.19,POINT (18.19 -32.81)
400497,-33.13,19.06,POINT (19.06 -33.13)
400498,-33.15,19.05,POINT (19.05 -33.15)
400499,-32.99,18.77,POINT (18.77 -32.99)
400500,-33.06,18.75,POINT (18.75 -33.06)
400501,-33.04,18.83,POINT (18.83 -33.04)
400502,-33.43,18.95,POINT (18.95 -33.43)
400503,-33.94,19.02,POINT (19.02 -33.94)
400504,-33.54,18.92,POINT (18.92 -33.54)
400505,-33.35,18.95,POINT (18.95 -33.35)
400506,-33.47,18.97,POINT (18.97 -33.47)
400507,-33.16,18.89,POINT (18.89 -33.16)
400508,-33.95,18.97,POINT (18.97 -33.95)
400509,-33.97,18.93,POINT (18.93 -33.97)
400510,-33.46,18.74,POINT (18.74 -33.46)
400512,-33.94,18.83,POINT (18.83 -33.94)
400515,-32.6,19.75,POINT (19.75 -32.6)
400522,-33.38,19.3,POINT (19.3 -33.38)
400523,-33.42,19.26,POINT (19.26 -33.42)
400524,-33.56,19.14,POINT (19.14 -33.56)
400525,-33.75,19.33,POINT (19.33 -33.75)
400526,-33.35,19.29,POINT (19.29 -33.35)
400528,-33.72,19.17,POINT (19.17 -33.72)
400529,-33.73,19.11,POINT (19.11 -33.73)
400530,-33.46,19.61,POINT (19.61 -33.46)
400531,-33.57,19.5,POINT (19.5 -33.57)
400533,-33.43,19.56,POINT (19.56 -33.43)
400534,-33.36,19.58,POINT (19.58 -33.36)
400535,-33.7,20.05,POINT (20.05 -33.7)
400536,-33.87,20.0,POINT (20 -33.87)
400537,-33.67,20.01,POINT (20.01 -33.67)
400538,-33.99,19.82,POINT (19.82 -33.99)
400539,-33.94,19.84,POINT (19.84 -33.94)
400540,-33.81,19.69,POINT (19.69 -33.81)
400541,-33.86,19.71,POINT (19.71 -33.86)
400542,-33.81,19.79,POINT (19.79 -33.81)
400545,-33.89,20.01,POINT (20.01 -33.89)
400550,-33.95,19.28,POINT (19.28 -33.95)
400551,-33.91,20.71,POINT (20.71 -33.91)
400552,-33.98,20.42,POINT (20.42 -33.98)
400557,-33.99,20.95,POINT (20.95 -33.99)
400562,-33.35,19.72,POINT (19.72 -33.35)
400563,-33.28,19.72,POINT (19.72 -33.28)
400564,-33.78,21.44,POINT (21.44 -33.78)
400565,-33.69,21.14,POINT (21.14 -33.69)
400566,-33.75,21.44,POINT (21.44 -33.75)
400567,-33.51,20.75,POINT (20.75 -33.51)
400568,-33.29,20.99,POINT (20.99 -33.29)
400569,-33.82,21.13,POINT (21.13 -33.82)
400570,-33.49,21.48,POINT (21.48 -33.49)
400571,-33.49,21.48,POINT (21.48 -33.49)
400572,-33.49,21.51,POINT (21.51 -33.49)
400573,-33.5,21.62,POINT (21.62 -33.5)
400574,-33.3,21.63,POINT (21.63 -33.3)
400575,-32.23,22.58,POINT (22.58 -32.23)
400576,-33.65,21.77,POINT (21.77 -33.65)
400577,-33.47,22.54,POINT (22.54 -33.47)
400578,-33.36,22.18,POINT (22.18 -33.36)
400579,-33.42,22.24,POINT (22.24 -33.42)
400580,-33.42,22.25,POINT (22.25 -33.42)
400581,-33.54,22.97,POINT (22.97 -33.54)
400582,-33.67,22.13,POINT (22.13 -33.67)
400583,-33.46,22.0,POINT (22 -33.46)
400584,-33.46,21.96,POINT (21.96 -33.46)
400585,-33.98,21.65,POINT (21.65 -33.98)
400601,-33.97,22.54,POINT (22.54 -33.97)
400604,-33.95,22.42,POINT (22.42 -33.95)
400605,-33.94,22.61,POINT (22.61 -33.94)
400607,-33.98,22.65,POINT (22.65 -33.98)
400608,-33.97,22.8,POINT (22.8 -33.97)
400609,-33.88,22.83,POINT (22.83 -33.88)
400610,-33.91,22.7,POINT (22.7 -33.91)
400611,-33.89,23.03,POINT (23.03 -33.89)
400612,-33.8,23.13,POINT (23.13 -33.8)
400613,-33.93,23.36,POINT (23.36 -33.93)
400616,-33.82,23.18,POINT (23.18 -33.82)
400617,-33.82,23.18,POINT (23.18 -33.82)
400618,-33.82,23.18,POINT (23.18 -33.82)
400619,-33.81,23.18,POINT (23.18 -33.81)
400620,-33.81,23.17,POINT (23.17 -33.81)
400628,-33.95,23.64,POINT (23.64 -33.95)
400629,-33.98,24.02,POINT (24.02 -33.98)
400634,-33.2,24.23,POINT (24.23 -33.2)
400635,-33.73,24.61,POINT (24.61 -33.73)
400637,-33.86,23.83,POINT (23.83 -33.86)
400638,-33.73,23.3,POINT (23.3 -33.73)
400639,-33.79,24.03,POINT (24.03 -33.79)
400640,-33.91,24.95,POINT (24.95 -33.91)
400641,-33.79,25.3,POINT (25.3 -33.79)
400642,-33.77,25.38,POINT (25.38 -33.77)
400643,-32.95,24.66,POINT (24.66 -32.95)
400644,-33.09,25.01,POINT (25.01 -33.09)
400645,-33.07,25.07,POINT (25.07 -33.07)
400646,-33.1,25.22,POINT (25.22 -33.1)
400647,-33.0,25.16,POINT (25.16 -33)
400648,-33.37,25.35,POINT (25.35 -33.37)
400649,-33.58,25.67,POINT (25.67 -33.58)
400650,-33.51,25.65,POINT (25.65 -33.51)
400651,-33.32,26.07,POINT (26.07 -33.32)
400652,-33.55,26.6,POINT (26.6 -33.55)
400653,-33.5,26.74,POINT (26.74 -33.5)
400654,-31.9,25.48,POINT (25.48 -31.9)
400655,-31.55,25.54,POINT (25.54 -31.55)
400656,-31.77,25.31,POINT (25.31 -31.77)
400657,-31.9,25.43,POINT (25.43 -31.9)
400658,-32.03,25.52,POINT (25.52 -32.03)
400659,-32.08,25.57,POINT (25.57 -32.08)
400660,-32.31,25.74,POINT (25.74 -32.31)
400661,-32.33,25.72,POINT (25.72 -32.33)
400662,-32.6,25.88,POINT (25.88 -32.6)
400663,-32.77,25.83,POINT (25.83 -32.77)
400664,-33.09,25.89,POINT (25.89 -33.09)
400665,-32.78,25.61,POINT (25.61 -32.78)
400666,-32.56,25.44,POINT (25.44 -32.56)
400667,-33.09,25.95,POINT (25.95 -33.09)
400668,-33.12,26.61,POINT (26.61 -33.12)
400669,-32.71,26.29,POINT (26.29 -32.71)
400670,-33.09,26.44,POINT (26.44 -33.09)
400671,-32.7,26.57,POINT (26.57 -32.7)
400672,-33.23,26.99,POINT (26.99 -33.23)
400673,-32.55,26.67,POINT (26.67 -32.55)
400674,-32.57,26.75,POINT (26.75 -32.57)
400675,-32.76,26.62,POINT (26.62 -32.76)
400676,-32.46,26.51,POINT (26.51 -32.46)
400677,-32.64,26.93,POINT (26.93 -32.64)
400678,-33.18,27.39,POINT (27.39 -33.18)
400679,-32.71,27.1,POINT (27.1 -32.71)
400680,-32.73,27.29,POINT (27.29 -32.73)
400681,-32.87,27.37,POINT (27.37 -32.87)
400682,-32.85,27.37,POINT (27.37 -32.85)
400683,-32.76,27.37,POINT (27.37 -32.76)
400684,-32.91,27.37,POINT (27.37 -32.91)
400685,-32.94,27.46,POINT (27.46 -32.94)
400686,-32.93,27.47,POINT (27.47 -32.93)
400688,-32.99,27.61,POINT (27.61 -32.99)
400689,-32.8,27.85,POINT (27.85 -32.8)
400690,-32.9,27.81,POINT (27.81 -32.9)
400691,-31.79,27.43,POINT (27.43 -31.79)
400692,-31.51,27.33,POINT (27.33 -31.51)
400693,-32.05,26.78,POINT (26.78 -32.05)
400694,-31.92,26.78,POINT (26.78 -31.92)
400695,-32.28,26.86,POINT (26.86 -32.28)
400696,-32.21,26.73,POINT (26.73 -32.21)
400697,-32.04,27.82,POINT (27.82 -32.04)
400698,-31.78,27.67,POINT (27.67 -31.78)
400699,-32.57,27.36,POINT (27.36 -32.57)
400700,-32.51,27.52,POINT (27.52 -32.51)
400701,-32.61,27.28,POINT (27.28 -32.61)
400702,-32.57,27.56,POINT (27.56 -32.57)
400703,-32.32,28.14,POINT (28.14 -32.32)
400704,-32.51,28.01,POINT (28.01 -32.51)
400705,-31.67,28.11,POINT (28.11 -31.67)
400706,-31.91,28.44,POINT (28.44 -31.91)
400707,-31.78,28.26,POINT (28.26 -31.78)
400708,-31.92,29.13,POINT (29.13 -31.92)
400709,-30.56,29.42,POINT (29.42 -30.56)
400710,-31.03,28.88,POINT (28.88 -31.03)
400711,-31.23,28.85,POINT (28.85 -31.23)
400712,-30.85,29.07,POINT (29.07 -30.85)
400713,-30.57,29.15,POINT (29.15 -30.57)
400714,-31.07,28.35,POINT (28.35 -31.07)
400715,-31.19,28.23,POINT (28.23 -31.19)
400716,-30.62,28.48,POINT (28.48 -30.62)
400717,-30.73,29.82,POINT (29.82 -30.73)
400718,-30.4,29.9,POINT (29.9 -30.4)
400719,-29.74,29.53,POINT (29.53 -29.74)
400720,-29.77,29.47,POINT (29.47 -29.77)
400721,-30.24,29.93,POINT (29.93 -30.24)
400722,-31.49,29.52,POINT (29.52 -31.49)
400723,-31.32,29.52,POINT (29.52 -31.32)
400724,-31.55,29.24,POINT (29.24 -31.55)
400725,-29.74,29.9,POINT (29.9 -29.74)
400726,-30.16,30.69,POINT (30.69 -30.16)
400727,-29.58,30.58,POINT (30.58 -29.58)
400728,-29.38,30.27,POINT (30.27 -29.38)
400729,-29.64,30.25,POINT (30.25 -29.64)
400730,-29.43,30.48,POINT (30.48 -29.43)
400731,-29.43,30.43,POINT (30.43 -29.43)
400733,-29.66,30.63,POINT (30.63 -29.66)
400734,-29.48,30.15,POINT (30.15 -29.48)
400735,-29.4,30.36,POINT (30.36 -29.4)
400736,-29.46,30.34,POINT (30.34 -29.46)
400737,-29.44,30.33,POINT (30.33 -29.44)
400738,-29.6,30.45,POINT (30.45 -29.6)
400739,-29.65,30.68,POINT (30.68 -29.65)
400740,-29.59,30.62,POINT (30.62 -29.59)
400741,-29.55,30.18,POINT (30.18 -29.55)
400742,-29.54,30.17,POINT (30.17 -29.54)
400743,-29.54,30.12,POINT (30.12 -29.54)
400744,-29.49,30.2,POINT (30.2 -29.49)
400745,-29.59,30.62,POINT (30.62 -29.59)
400746,-29.7,30.86,POINT (30.86 -29.7)
400747,-29.64,30.78,POINT (30.78 -29.64)
400748,-29.6,31.0,POINT (31 -29.6)
400749,-29.6,31.04,POINT (31.04 -29.6)
400750,-29.16,30.62,POINT (30.62 -29.16)
400751,-29.74,30.31,POINT (30.31 -29.74)
400752,-29.8,30.51,POINT (30.51 -29.8)
400753,-29.85,30.7,POINT (30.7 -29.85)
400754,-29.85,30.7,POINT (30.7 -29.85)
400755,-29.84,30.72,POINT (30.72 -29.84)
400756,-29.86,30.24,POINT (30.24 -29.86)
400757,-30.0,30.74,POINT (30.74 -30)
400758,-30.39,30.6,POINT (30.6 -30.39)
400759,-30.27,30.69,POINT (30.69 -30.27)
400760,-28.73,29.82,POINT (29.82 -28.73)
400761,-28.89,29.77,POINT (29.77 -28.89)
400762,-28.81,29.54,POINT (29.54 -28.81)
400763,-28.72,29.35,POINT (29.35 -28.72)
400764,-28.72,29.35,POINT (29.35 -28.72)
400765,-28.56,29.75,POINT (29.75 -28.56)
400766,-28.81,29.31,POINT (29.31 -28.81)
400767,-28.63,29.06,POINT (29.06 -28.63)
400768,-28.68,29.51,POINT (29.51 -28.68)
400769,-28.76,29.29,POINT (29.29 -28.76)
400770,-29.21,29.99,POINT (29.99 -29.21)
400771,-29.07,30.24,POINT (30.24 -29.07)
400772,-29.35,29.88,POINT (29.88 -29.35)
400773,-29.25,29.86,POINT (29.86 -29.25)
400774,-29.23,29.78,POINT (29.78 -29.23)
400775,-28.85,30.5,POINT (30.5 -28.85)
400776,-29.16,30.28,POINT (30.28 -29.16)
400777,-28.24,30.5,POINT (30.5 -28.24)
400778,-27.6,29.94,POINT (29.94 -27.6)
400779,-27.84,29.84,POINT (29.84 -27.84)
400780,-27.89,29.95,POINT (29.95 -27.89)
400781,-28.05,30.37,POINT (30.37 -28.05)
400782,-27.95,29.94,POINT (29.94 -27.95)
400783,-27.43,30.06,POINT (30.06 -27.43)
400784,-29.14,31.39,POINT (31.39 -29.14)
400785,-28.75,30.44,POINT (30.44 -28.75)
400786,-28.3,30.14,POINT (30.14 -28.3)
400787,-28.4,30.01,POINT (30.01 -28.4)
400788,-28.23,29.75,POINT (29.75 -28.23)
400789,-28.17,30.07,POINT (30.07 -28.17)
400790,-28.17,30.09,POINT (30.09 -28.17)
400791,-28.21,30.12,POINT (30.12 -28.21)
400792,-28.2,30.13,POINT (30.13 -28.2)
400793,-28.29,30.12,POINT (30.12 -28.29)
400794,-28.3,30.15,POINT (30.15 -28.3)
400795,-28.31,30.12,POINT (30.12 -28.31)
400796,-28.33,30.17,POINT (30.17 -28.33)
400797,-28.45,30.17,POINT (30.17 -28.45)
400798,-28.45,30.17,POINT (30.17 -28.45)
400800,-29.0,29.88,POINT (29.88 -29)
400801,-29.18,29.63,POINT (29.63 -29.18)
400802,-29.18,29.63,POINT (29.63 -29.18)
400803,-29.04,29.85,POINT (29.85 -29.04)
400804,-28.87,31.45,POINT (31.45 -28.87)
400806,-28.74,31.74,POINT (31.74 -28.74)
400807,-28.33,31.37,POINT (31.37 -28.33)
400808,-28.06,31.55,POINT (31.55 -28.06)
400809,-27.89,30.88,POINT (30.88 -27.89)
400810,-28.45,32.14,POINT (32.14 -28.45)
400811,-27.93,31.2,POINT (31.2 -27.93)
400813,-28.46,32.32,POINT (32.32 -28.46)
400814,-27.6,31.95,POINT (31.95 -27.6)
400815,-27.66,32.42,POINT (32.42 -27.66)
400816,-28.33,32.36,POINT (32.36 -28.33)
400817,-28.03,32.35,POINT (32.35 -28.03)
400818,-28.12,32.17,POINT (32.17 -28.12)
400819,-27.69,31.05,POINT (31.05 -27.69)
400820,-27.68,31.22,POINT (31.22 -27.68)
400821,-27.6,31.36,POINT (31.36 -27.6)
400822,-27.71,31.35,POINT (31.35 -27.71)
400823,-27.7,31.43,POINT (31.43 -27.7)
400824,-27.62,31.62,POINT (31.62 -27.62)
400825,-27.73,31.7,POINT (31.7 -27.73)
400826,-27.64,31.77,POINT (31.77 -27.64)
400827,-27.59,31.83,POINT (31.83 -27.59)
400828,-27.6,32.08,POINT (32.08 -27.6)
400829,-27.65,32.4,POINT (32.4 -27.65)
400831,-27.52,30.85,POINT (30.85 -27.52)
400832,-27.36,31.78,POINT (31.78 -27.36)
400833,-26.9,32.32,POINT (32.32 -26.9)
400834,-27.03,32.26,POINT (32.26 -27.03)
400835,-27.41,32.07,POINT (32.07 -27.41)
400836,-26.82,30.72,POINT (30.72 -26.82)
400837,-27.11,30.83,POINT (30.83 -27.11)
400838,-26.48,30.63,POINT (30.63 -26.48)
400839,-27.06,30.99,POINT (30.99 -27.06)
400840,-26.38,30.84,POINT (30.84 -26.38)
400841,-26.51,30.78,POINT (30.78 -26.51)
400842,-26.67,30.7,POINT (30.7 -26.67)
400843,-26.99,30.53,POINT (30.53 -26.99)
400844,-26.03,30.99,POINT (30.99 -26.03)
400845,-25.68,31.78,POINT (31.78 -25.68)
400846,-25.67,31.57,POINT (31.57 -25.67)
400847,-25.94,30.56,POINT (30.56 -25.94)
400848,-25.83,30.4,POINT (30.4 -25.83)
400849,-25.83,30.67,POINT (30.67 -25.83)
400850,-25.83,30.68,POINT (30.68 -25.83)
400851,-26.0,31.07,POINT (31.07 -26)
400852,-25.88,30.62,POINT (30.62 -25.88)
400853,-25.44,31.96,POINT (31.96 -25.44)
400854,-25.43,30.96,POINT (30.96 -25.43)
400855,-25.46,31.1,POINT (31.1 -25.46)
400856,-25.78,30.92,POINT (30.92 -25.78)
400857,-25.6,30.87,POINT (30.87 -25.6)
400858,-25.64,30.27,POINT (30.27 -25.64)
400859,-25.65,30.26,POINT (30.26 -25.65)
400860,-25.44,30.71,POINT (30.71 -25.44)
400861,-25.38,30.7,POINT (30.7 -25.38)
400862,-25.48,30.69,POINT (30.69 -25.48)
400863,-25.36,31.95,POINT (31.95 -25.36)
400864,-25.43,31.63,POINT (31.63 -25.43)
400865,-25.54,31.31,POINT (31.31 -25.54)
400866,-25.72,30.97,POINT (30.97 -25.72)
400867,-25.51,31.22,POINT (31.22 -25.51)
400868,-25.18,30.88,POINT (30.88 -25.18)
400869,-25.43,31.98,POINT (31.98 -25.43)
400870,-25.39,31.61,POINT (31.61 -25.39)
400871,-25.45,31.53,POINT (31.53 -25.45)
400872,-25.27,31.0,POINT (31 -25.27)
400874,-25.35,30.38,POINT (30.38 -25.35)
400875,-25.27,31.25,POINT (31.25 -25.27)
400876,-25.08,30.77,POINT (30.77 -25.08)
400878,-24.99,30.81,POINT (30.81 -24.99)
400879,-25.07,31.13,POINT (31.13 -25.07)
400880,-25.03,31.12,POINT (31.12 -25.03)
400881,-24.76,31.39,POINT (31.39 -24.76)
400882,-24.88,31.09,POINT (31.09 -24.88)
400883,-25.01,31.25,POINT (31.25 -25.01)
400884,-25.13,31.94,POINT (31.94 -25.13)
400885,-22.54,28.89,POINT (28.89 -22.54)
400888,-28.14,26.41,POINT (26.41 -28.14)
400889,-23.7,26.98,POINT (26.98 -23.7)
400890,-33.98,18.95,POINT (18.95 -33.98)
400892,-24.27,28.97,POINT (28.97 -24.27)
400894,-26.18,28.39,POINT (28.39 -26.18)
400895,-26.26,28.48,POINT (28.48 -26.26)
400896,-26.47,28.4,POINT (28.4 -26.47)
400897,-26.19,28.47,POINT (28.47 -26.19)
400898,-26.26,28.5,POINT (28.5 -26.26)
400899,-26.27,28.5,POINT (28.5 -26.27)
400900,-26.29,28.5,POINT (28.5 -26.29)
400901,-26.35,28.51,POINT (28.51 -26.35)
400902,-26.38,28.5,POINT (28.5 -26.38)
400903,-26.43,28.45,POINT (28.45 -26.43)
400904,-26.47,28.42,POINT (28.42 -26.47)
400905,-26.85,28.88,POINT (28.88 -26.85)
400906,-26.97,28.73,POINT (28.73 -26.97)
400907,-26.99,28.72,POINT (28.72 -26.99)
400908,-26.54,29.11,POINT (29.11 -26.54)
400909,-26.54,29.2,POINT (29.2 -26.54)
400910,-26.53,29.24,POINT (29.24 -26.53)
400911,-26.62,29.02,POINT (29.02 -26.62)
400912,-26.58,29.03,POINT (29.03 -26.58)
400913,-26.52,29.15,POINT (29.15 -26.52)
400914,-26.53,29.15,POINT (29.15 -26.53)
400916,-26.7,28.0,POINT (28 -26.7)
400917,-26.68,27.99,POINT (27.99 -26.68)
400918,-26.66,27.98,POINT (27.98 -26.66)
400919,-26.66,27.96,POINT (27.96 -26.66)
400920,-26.67,27.95,POINT (27.95 -26.67)
400921,-26.67,27.94,POINT (27.94 -26.67)
400922,-26.67,27.94,POINT (27.94 -26.67)
400923,-26.68,27.93,POINT (27.93 -26.68)
400924,-26.7,27.89,POINT (27.89 -26.7)
400925,-26.74,27.87,POINT (27.87 -26.74)
400926,-26.75,27.87,POINT (27.87 -26.75)
400927,-26.74,27.87,POINT (27.87 -26.74)
400928,-26.75,27.82,POINT (27.82 -26.75)
400929,-26.74,27.79,POINT (27.79 -26.74)
400930,-26.78,27.76,POINT (27.76 -26.78)
400931,-26.78,27.77,POINT (27.77 -26.78)
400933,-26.79,27.76,POINT (27.76 -26.79)
400934,-26.76,27.73,POINT (27.73 -26.76)
400935,-26.73,27.71,POINT (27.71 -26.73)
400936,-26.36,30.1,POINT (30.1 -26.36)
400937,-26.43,29.93,POINT (29.93 -26.43)
400938,-26.46,29.97,POINT (29.97 -26.46)
400939,-26.57,30.07,POINT (30.07 -26.57)
400940,-26.59,30.09,POINT (30.09 -26.59)
400941,-26.64,30.15,POINT (30.15 -26.64)
400942,-26.85,29.69,POINT (29.69 -26.85)
400943,-26.75,29.54,POINT (29.54 -26.75)
400944,-26.5,29.44,POINT (29.44 -26.5)
400945,-26.52,29.42,POINT (29.42 -26.52)
400946,-26.56,29.44,POINT (29.44 -26.56)
400947,-26.72,29.29,POINT (29.29 -26.72)
400948,-26.85,29.32,POINT (29.32 -26.85)
400949,-27.47,24.93,POINT (24.93 -27.47)
400950,-26.57,29.19,POINT (29.19 -26.57)
400951,-26.53,29.05,POINT (29.05 -26.53)
400952,-26.21,28.47,POINT (28.47 -26.21)
400953,-26.58,29.03,POINT (29.03 -26.58)
400954,-26.49,29.1,POINT (29.1 -26.49)
400955,-26.52,29.07,POINT (29.07 -26.52)
400957,-26.48,29.06,POINT (29.06 -26.48)
400958,-26.95,28.74,POINT (28.74 -26.95)
400959,-26.56,29.15,POINT (29.15 -26.56)
400960,-26.26,28.12,POINT (28.12 -26.26)
400966,-26.66,27.93,POINT (27.93 -26.66)
400968,-25.12,27.95,POINT (27.95 -25.12)
400969,-25.25,27.77,POINT (27.77 -25.25)
400970,-25.43,27.95,POINT (27.95 -25.43)
400971,-25.23,28.14,POINT (28.14 -25.23)
400972,-25.71,31.53,POINT (31.53 -25.71)
400973,-29.24,26.67,POINT (26.67 -29.24)
400974,-29.23,26.68,POINT (26.68 -29.23)
400975,-29.29,26.71,POINT (26.71 -29.29)
400976,-26.98,26.63,POINT (26.63 -26.98)
400979,-33.92,18.85,POINT (18.85 -33.92)
400980,-33.94,18.84,POINT (18.84 -33.94)
400989,-28.7,32.15,POINT (32.15 -28.7)
400990,-28.67,32.02,POINT (32.02 -28.67)
400991,-23.31,30.68,POINT (30.68 -23.31)
400992,-23.32,30.7,POINT (30.7 -23.32)
400993,-28.45,21.26,POINT (21.26 -28.45)
400994,-24.96,31.31,POINT (31.31 -24.96)
400996,-28.4,24.28,POINT (24.28 -28.4)
400997,-27.53,24.82,POINT (24.82 -27.53)
400998,-25.64,27.29,POINT (27.29 -25.64)
400999,-25.76,29.12,POINT (29.12 -25.76)
401000,-25.85,29.13,POINT (29.13 -25.85)
401001,-26.17,28.1,POINT (28.1 -26.17)
401002,-26.09,28.1,POINT (28.1 -26.09)
401003,-26.01,28.05,POINT (28.05 -26.01)
401004,-31.56,18.33,POINT (18.33 -31.56)
401005,-25.38,28.31,POINT (28.31 -25.38)
401007,-25.64,27.77,POINT (27.77 -25.64)
401008,-25.54,27.35,POINT (27.35 -25.54)
401011,-25.77,27.86,POINT (27.86 -25.77)
401013,-28.69,32.01,POINT (32.01 -28.69)
401014,-28.77,31.96,POINT (31.96 -28.77)
401015,-25.72,27.48,POINT (27.48 -25.72)
401016,-25.44,27.86,POINT (27.86 -25.44)
401017,-25.13,27.69,POINT (27.69 -25.13)
401020,-26.32,27.89,POINT (27.89 -26.32)
401021,-26.33,27.9,POINT (27.9 -26.33)
401022,-31.48,28.54,POINT (28.54 -31.48)
401023,-32.22,28.19,POINT (28.19 -32.22)
401024,-32.34,27.82,POINT (27.82 -32.34)
401026,-33.93,18.67,POINT (18.67 -33.93)
401027,-33.47,18.7,POINT (18.7 -33.47)
401028,-33.89,19.09,POINT (19.09 -33.89)
401029,-33.85,18.49,POINT (18.49 -33.85)
401030,-33.86,18.98,POINT (18.98 -33.86)
401031,-33.67,18.97,POINT (18.97 -33.67)
401032,-33.31,19.1,POINT (19.1 -33.31)
401033,-33.65,18.96,POINT (18.96 -33.65)
401034,-23.87,30.27,POINT (30.27 -23.87)
401037,-27.53,32.25,POINT (32.25 -27.53)
401038,-31.78,28.26,POINT (28.26 -31.78)
401039,-31.56,28.76,POINT (28.76 -31.56)
401040,-31.11,29.38,POINT (29.38 -31.11)
401041,-32.32,28.67,POINT (28.67 -32.32)
401042,-32.1,28.3,POINT (28.3 -32.1)
401043,-32.5,28.49,POINT (28.49 -32.5)
401044,-31.81,27.05,POINT (27.05 -31.81)
401045,-26.06,27.69,POINT (27.69 -26.06)
401048,-26.09,27.71,POINT (27.71 -26.09)
401049,-26.09,27.72,POINT (27.72 -26.09)
401050,-26.1,27.72,POINT (27.72 -26.1)
401051,-26.1,27.72,POINT (27.72 -26.1)
401052,-32.17,27.37,POINT (27.37 -32.17)
401061,-27.89,29.88,POINT (29.88 -27.89)
401062,-27.89,29.87,POINT (29.87 -27.89)
401066,-28.13,30.38,POINT (30.38 -28.13)
401067,-28.15,30.38,POINT (30.38 -28.15)
401072,-28.35,30.01,POINT (30.01 -28.35)
401075,-28.09,30.31,POINT (30.31 -28.09)
401076,-28.36,30.01,POINT (30.01 -28.36)
401077,-25.49,31.17,POINT (31.17 -25.49)
401078,-25.43,31.97,POINT (31.97 -25.43)
401079,-25.67,31.52,POINT (31.52 -25.67)
401080,-25.61,31.86,POINT (31.86 -25.61)
401081,-25.66,31.83,POINT (31.83 -25.66)
401082,-25.64,30.35,POINT (30.35 -25.64)
401083,-33.66,18.97,POINT (18.97 -33.66)
401084,-27.65,32.4,POINT (32.4 -27.65)
401085,-25.44,31.95,POINT (31.95 -25.44)
401086,-27.52,32.32,POINT (32.32 -27.52)
401089,-29.64,30.31,POINT (30.31 -29.64)
401090,-29.64,30.34,POINT (30.34 -29.64)
401091,-29.62,30.37,POINT (30.37 -29.62)
401092,-29.58,30.41,POINT (30.41 -29.58)
401093,-29.37,29.63,POINT (29.63 -29.37)
401094,-26.06,27.72,POINT (27.72 -26.06)
401095,-31.63,28.83,POINT (28.83 -31.63)
401097,-22.89,30.49,POINT (30.49 -22.89)
401098,-22.9,30.53,POINT (30.53 -22.9)
401101,-26.99,26.61,POINT (26.61 -26.99)
401102,-26.91,26.81,POINT (26.81 -26.91)
401103,-27.01,26.69,POINT (26.69 -27.01)
401104,-23.83,31.63,POINT (31.63 -23.83)
401105,-29.36,31.3,POINT (31.3 -29.36)
401106,-26.91,27.42,POINT (27.42 -26.91)
401109,-25.65,27.78,POINT (27.78 -25.65)
401110,-32.56,27.48,POINT (27.48 -32.56)
401111,-31.55,28.73,POINT (28.73 -31.55)
401112,-23.0,30.47,POINT (30.47 -23)
401113,-23.0,30.47,POINT (30.47 -23)
401114,-29.2,26.79,POINT (26.79 -29.2)
401115,-23.82,30.21,POINT (30.21 -23.82)
401117,-25.57,29.12,POINT (29.12 -25.57)
401118,-29.39,25.0,POINT (25 -29.39)
401119,-32.58,27.46,POINT (27.46 -32.58)
401120,-32.58,27.43,POINT (27.43 -32.58)
401121,-32.59,27.42,POINT (27.42 -32.59)
401122,-32.56,27.43,POINT (27.43 -32.56)
401123,-32.59,27.45,POINT (27.45 -32.59)
401124,-24.31,30.85,POINT (30.85 -24.31)
401125,-28.65,29.04,POINT (29.04 -28.65)
401126,-28.66,29.02,POINT (29.02 -28.66)
401127,-28.56,29.77,POINT (29.77 -28.56)
401128,-28.57,29.8,POINT (29.8 -28.57)
401129,-28.68,28.95,POINT (28.95 -28.68)
401130,-28.68,28.97,POINT (28.97 -28.68)
401131,-28.72,29.35,POINT (29.35 -28.72)
401132,-28.72,29.35,POINT (29.35 -28.72)
401133,-28.73,29.82,POINT (29.82 -28.73)
401134,-28.73,29.84,POINT (29.84 -28.73)
401135,-28.62,29.12,POINT (29.12 -28.62)
401136,-28.64,29.16,POINT (29.16 -28.64)
401137,-31.65,28.3,POINT (28.3 -31.65)
401138,-31.59,29.51,POINT (29.51 -31.59)
401139,-30.4,29.05,POINT (29.05 -30.4)
401140,-28.2,29.95,POINT (29.95 -28.2)
401143,-27.76,30.92,POINT (30.92 -27.76)
401144,-27.76,30.91,POINT (30.91 -27.76)
401145,-27.91,30.91,POINT (30.91 -27.91)
401146,-27.78,30.97,POINT (30.97 -27.78)
401148,-27.07,26.75,POINT (26.75 -27.07)
401157,-26.08,28.1,POINT (28.1 -26.08)
401158,-25.94,27.95,POINT (27.95 -25.94)
401159,-26.13,28.68,POINT (28.68 -26.13)
401160,-25.68,28.41,POINT (28.41 -25.68)
401161,-26.1,28.69,POINT (28.69 -26.1)
401171,-27.74,30.2,POINT (30.2 -27.74)
401172,-28.73,31.98,POINT (31.98 -28.73)
401173,-27.8,30.25,POINT (30.25 -27.8)
401174,-28.34,29.96,POINT (29.96 -28.34)
401175,-28.94,29.2,POINT (29.2 -28.94)
401176,-27.38,31.66,POINT (31.66 -27.38)
401177,-27.39,31.63,POINT (31.63 -27.39)
401178,-28.94,29.21,POINT (29.21 -28.94)
401179,-27.35,31.61,POINT (31.61 -27.35)
401180,-27.34,31.63,POINT (31.63 -27.34)
401181,-27.41,31.65,POINT (31.65 -27.41)
401182,-27.88,29.97,POINT (29.97 -27.88)
401183,-27.92,29.96,POINT (29.96 -27.92)
401184,-27.89,29.97,POINT (29.97 -27.89)
401185,-27.88,29.97,POINT (29.97 -27.88)
401188,-25.38,29.83,POINT (29.83 -25.38)
401189,-24.66,30.33,POINT (30.33 -24.66)
401191,-24.89,30.01,POINT (30.01 -24.89)
401192,-27.76,30.01,POINT (30.01 -27.76)
401193,-27.79,29.98,POINT (29.98 -27.79)
401197,-27.69,31.05,POINT (31.05 -27.69)
401198,-27.69,31.04,POINT (31.04 -27.69)
401206,-27.79,30.79,POINT (30.79 -27.79)
401207,-27.74,30.82,POINT (30.82 -27.74)
401208,-27.76,30.84,POINT (30.84 -27.76)
401209,-27.8,30.82,POINT (30.82 -27.8)
401210,-27.93,30.95,POINT (30.95 -27.93)
401211,-27.94,30.96,POINT (30.96 -27.94)
401214,-27.86,30.92,POINT (30.92 -27.86)
401220,-27.18,30.29,POINT (30.29 -27.18)
401225,-27.14,30.44,POINT (30.44 -27.14)
401226,-26.54,29.09,POINT (29.09 -26.54)
401227,-29.2,30.0,POINT (30 -29.2)
401228,-28.8,29.53,POINT (29.53 -28.8)
401229,-28.81,29.53,POINT (29.53 -28.81)
401230,-28.1,24.84,POINT (24.84 -28.1)
401231,-28.54,24.54,POINT (24.54 -28.54)
401232,-28.41,24.29,POINT (24.29 -28.41)
401233,-32.0,28.58,POINT (28.58 -32)
401234,-28.0,30.38,POINT (30.38 -28)
401235,-31.79,28.33,POINT (28.33 -31.79)
401236,-30.77,29.03,POINT (29.03 -30.77)
401237,-31.85,28.39,POINT (28.39 -31.85)
401238,-27.72,30.08,POINT (30.08 -27.72)
401239,-27.72,30.08,POINT (30.08 -27.72)
401240,-32.89,27.44,POINT (27.44 -32.89)
401241,-32.85,27.45,POINT (27.45 -32.85)
401242,-26.42,28.09,POINT (28.09 -26.42)
401243,-27.72,30.02,POINT (30.02 -27.72)
401244,-31.56,26.56,POINT (26.56 -31.56)
401245,-22.33,31.14,POINT (31.14 -22.33)
401246,-33.59,22.19,POINT (22.19 -33.59)
401248,-33.95,22.07,POINT (22.07 -33.95)
401249,-27.06,30.8,POINT (30.8 -27.06)
401250,-27.06,30.79,POINT (30.79 -27.06)
401251,-27.06,30.79,POINT (30.79 -27.06)
401252,-28.34,30.53,POINT (30.53 -28.34)
401255,-27.01,30.8,POINT (30.8 -27.01)
401261,-26.27,27.83,POINT (27.83 -26.27)
401262,-26.97,30.45,POINT (30.45 -26.97)
401263,-26.99,30.41,POINT (30.41 -26.99)
401264,-27.14,30.44,POINT (30.44 -27.14)
401267,-27.58,29.87,POINT (29.87 -27.58)
401268,-27.58,29.87,POINT (29.87 -27.58)
401269,-27.59,29.92,POINT (29.92 -27.59)
401270,-27.57,29.92,POINT (29.92 -27.57)
401272,-33.94,18.84,POINT (18.84 -33.94)
401273,-33.98,18.78,POINT (18.78 -33.98)
401274,-33.94,18.85,POINT (18.85 -33.94)
401275,-28.54,24.53,POINT (24.53 -28.54)
401276,-25.23,29.19,POINT (29.19 -25.23)
401277,-25.08,29.42,POINT (29.42 -25.08)
401278,-25.36,29.39,POINT (29.39 -25.36)
401279,-26.32,27.95,POINT (27.95 -26.32)
401280,-25.11,31.91,POINT (31.91 -25.11)
401281,-25.3,31.97,POINT (31.97 -25.3)
401282,-25.25,31.85,POINT (31.85 -25.25)
401283,-24.99,29.34,POINT (29.34 -24.99)
401284,-24.97,29.36,POINT (29.36 -24.97)
401285,-25.18,30.02,POINT (30.02 -25.18)
401286,-24.96,29.94,POINT (29.94 -24.96)
401287,-24.95,29.95,POINT (29.95 -24.95)
401298,-33.9,18.47,POINT (18.47 -33.9)
401299,-33.9,18.47,POINT (18.47 -33.9)
401300,-28.69,28.23,POINT (28.23 -28.69)
401301,-22.43,31.07,POINT (31.07 -22.43)
401302,-27.65,25.59,POINT (25.59 -27.65)
401303,-33.72,18.61,POINT (18.61 -33.72)
401304,-29.64,30.68,POINT (30.68 -29.64)
401305,-32.89,27.77,POINT (27.77 -32.89)
401306,-26.08,28.1,POINT (28.1 -26.08)
401307,-33.39,26.7,POINT (26.7 -33.39)
401308,-25.86,27.93,POINT (27.93 -25.86)
401310,-27.1,26.52,POINT (26.52 -27.1)
401311,-26.93,26.85,POINT (26.85 -26.93)
401312,-25.38,28.31,POINT (28.31 -25.38)
401313,-25.81,27.9,POINT (27.9 -25.81)
401314,-25.77,27.76,POINT (27.76 -25.77)
401315,-25.79,27.98,POINT (27.98 -25.79)
401316,-25.4,27.57,POINT (27.57 -25.4)
401317,-25.12,27.62,POINT (27.62 -25.12)
401318,-25.95,27.96,POINT (27.96 -25.95)
401319,-26.15,27.59,POINT (27.59 -26.15)
401320,-25.66,28.35,POINT (28.35 -25.66)
401321,-25.65,28.31,POINT (28.31 -25.65)
401322,-25.64,28.39,POINT (28.39 -25.64)
401323,-25.6,28.37,POINT (28.37 -25.6)
401324,-25.63,27.02,POINT (27.02 -25.63)
401325,-25.82,27.77,POINT (27.77 -25.82)
401326,-25.72,26.88,POINT (26.88 -25.72)
401327,-25.73,27.21,POINT (27.21 -25.73)
401328,-26.03,28.11,POINT (28.11 -26.03)
401329,-25.89,27.93,POINT (27.93 -25.89)
401330,-25.89,27.91,POINT (27.91 -25.89)
401331,-26.06,27.97,POINT (27.97 -26.06)
401332,-25.57,27.75,POINT (27.75 -25.57)
401333,-25.97,27.83,POINT (27.83 -25.97)
401334,-25.99,27.84,POINT (27.84 -25.99)
401335,-26.03,27.84,POINT (27.84 -26.03)
401336,-25.8,27.47,POINT (27.47 -25.8)
401337,-25.67,28.29,POINT (28.29 -25.67)
401338,-25.69,28.29,POINT (28.29 -25.69)
401340,-25.73,28.16,POINT (28.16 -25.73)
401341,-25.74,27.9,POINT (27.9 -25.74)
401342,-25.2,27.55,POINT (27.55 -25.2)
401343,-25.06,27.52,POINT (27.52 -25.06)
401344,-25.46,28.26,POINT (28.26 -25.46)
401345,-25.76,28.22,POINT (28.22 -25.76)
401346,-25.7,28.19,POINT (28.19 -25.7)
401347,-25.72,27.85,POINT (27.85 -25.72)
401348,-25.88,28.3,POINT (28.3 -25.88)
401349,-25.54,27.35,POINT (27.35 -25.54)
401350,-25.61,28.37,POINT (28.37 -25.61)
401351,-25.69,26.9,POINT (26.9 -25.69)
401352,-25.13,27.81,POINT (27.81 -25.13)
401353,-25.65,26.69,POINT (26.69 -25.65)
401354,-25.3,27.47,POINT (27.47 -25.3)
401355,-24.69,27.4,POINT (27.4 -24.69)
401356,-25.67,28.4,POINT (28.4 -25.67)
401357,-25.69,28.35,POINT (28.35 -25.69)
401358,-24.72,26.41,POINT (26.41 -24.72)
401359,-24.28,28.09,POINT (28.09 -24.28)
401360,-24.15,27.47,POINT (27.47 -24.15)
401361,-24.08,27.77,POINT (27.77 -24.08)
401362,-23.76,27.9,POINT (27.9 -23.76)
401363,-24.21,27.97,POINT (27.97 -24.21)
401364,-23.59,27.74,POINT (27.74 -23.59)
401365,-23.98,28.4,POINT (28.4 -23.98)
401366,-22.93,28.0,POINT (28 -22.93)
401367,-24.69,28.4,POINT (28.4 -24.69)
401368,-24.57,28.64,POINT (28.64 -24.57)
401369,-24.76,28.34,POINT (28.34 -24.76)
401370,-24.66,28.47,POINT (28.47 -24.66)
401371,-24.77,28.34,POINT (28.34 -24.77)
401372,-24.66,28.45,POINT (28.45 -24.66)
401373,-23.88,29.43,POINT (29.43 -23.88)
401374,-22.22,29.99,POINT (29.99 -22.22)
401375,-22.72,30.09,POINT (30.09 -22.72)
401376,-22.63,30.4,POINT (30.4 -22.63)
401377,-22.63,30.4,POINT (30.4 -22.63)
401378,-22.94,30.16,POINT (30.16 -22.94)
401379,-23.11,30.38,POINT (30.38 -23.11)
401380,-22.89,30.52,POINT (30.52 -22.89)
401381,-23.05,30.24,POINT (30.24 -23.05)
401382,-22.63,30.95,POINT (30.95 -22.63)
401383,-22.42,31.21,POINT (31.21 -22.42)
401384,-22.76,30.88,POINT (30.88 -22.76)
401385,-22.94,30.35,POINT (30.35 -22.94)
401386,-25.81,29.33,POINT (29.33 -25.81)
401387,-25.67,29.17,POINT (29.17 -25.67)
401388,-26.0,29.25,POINT (29.25 -26)
401389,-26.35,29.21,POINT (29.21 -26.35)
401390,-25.89,29.3,POINT (29.3 -25.89)
401391,-25.8,29.58,POINT (29.58 -25.8)
401392,-25.77,29.54,POINT (29.54 -25.77)
401393,-26.3,29.27,POINT (29.27 -26.3)
401394,-26.21,29.45,POINT (29.45 -26.21)
401395,-25.93,29.25,POINT (29.25 -25.93)
401396,-26.1,29.33,POINT (29.33 -26.1)
401397,-26.13,29.27,POINT (29.27 -26.13)
401398,-26.49,29.24,POINT (29.24 -26.49)
401399,-25.82,29.2,POINT (29.2 -25.82)
401400,-25.79,28.73,POINT (28.73 -25.79)
401401,-25.92,28.58,POINT (28.58 -25.92)
401402,-25.96,28.55,POINT (28.55 -25.96)
401403,-25.99,28.66,POINT (28.66 -25.99)
401404,-26.07,28.56,POINT (28.56 -26.07)
401405,-25.82,28.88,POINT (28.88 -25.82)
401406,-24.91,29.38,POINT (29.38 -24.91)
401407,-25.26,29.18,POINT (29.18 -25.26)
401408,-25.41,29.35,POINT (29.35 -25.41)
401409,-24.92,29.32,POINT (29.32 -24.92)
401410,-25.02,29.85,POINT (29.85 -25.02)
401411,-25.03,30.21,POINT (30.21 -25.03)
401413,-24.91,30.1,POINT (30.1 -24.91)
401414,-25.07,30.43,POINT (30.43 -25.07)
401415,-24.55,30.37,POINT (30.37 -24.55)
401416,-25.27,29.94,POINT (29.94 -25.27)
401417,-25.22,29.95,POINT (29.95 -25.22)
401418,-25.1,29.87,POINT (29.87 -25.1)
401419,-24.95,30.26,POINT (30.26 -24.95)
401420,-24.26,29.8,POINT (29.8 -24.26)
401421,-24.77,29.42,POINT (29.42 -24.77)
401422,-24.67,30.8,POINT (30.8 -24.67)
401423,-24.68,30.81,POINT (30.81 -24.68)
401424,-24.45,30.82,POINT (30.82 -24.45)
401425,-24.92,30.54,POINT (30.54 -24.92)
401426,-24.93,30.61,POINT (30.61 -24.93)
401427,-24.52,30.79,POINT (30.79 -24.52)
401428,-24.09,30.27,POINT (30.27 -24.09)
401429,-24.55,31.03,POINT (31.03 -24.55)
401430,-24.18,30.82,POINT (30.82 -24.18)
401431,-24.0,30.67,POINT (30.67 -24)
401432,-24.03,30.43,POINT (30.43 -24.03)
401433,-24.17,30.1,POINT (30.1 -24.17)
401434,-24.12,30.35,POINT (30.35 -24.12)
401435,-24.05,31.23,POINT (31.23 -24.05)
401436,-24.05,31.73,POINT (31.73 -24.05)
401437,-24.03,31.12,POINT (31.12 -24.03)
401438,-23.65,31.05,POINT (31.05 -23.65)
401439,-23.88,30.36,POINT (30.36 -23.88)
401440,-23.89,30.35,POINT (30.35 -23.89)
401441,-23.88,30.07,POINT (30.07 -23.88)
401442,-23.83,31.64,POINT (31.64 -23.83)
401443,-23.64,31.14,POINT (31.14 -23.64)
401444,-23.28,30.54,POINT (30.54 -23.28)
401445,-23.94,29.98,POINT (29.98 -23.94)
401446,-23.21,31.22,POINT (31.22 -23.21)
401447,-23.13,31.45,POINT (31.45 -23.13)
401448,-27.16,29.23,POINT (29.23 -27.16)
401449,-26.62,29.02,POINT (29.02 -26.62)
401450,-26.85,29.32,POINT (29.32 -26.85)
401451,-26.77,29.54,POINT (29.54 -26.77)
401452,-26.84,29.72,POINT (29.72 -26.84)
401453,-26.84,29.72,POINT (29.72 -26.84)
401454,-26.86,28.88,POINT (28.88 -26.86)
401455,-27.0,28.76,POINT (28.76 -27)
401456,-27.17,29.23,POINT (29.23 -27.17)
401457,-27.02,28.59,POINT (28.59 -27.02)
401458,-26.92,29.28,POINT (29.28 -26.92)
401459,-26.78,29.8,POINT (29.8 -26.78)
401460,-26.64,27.08,POINT (27.08 -26.64)
401461,-26.67,28.03,POINT (28.03 -26.67)
401462,-26.72,27.71,POINT (27.71 -26.72)
401463,-26.25,27.16,POINT (27.16 -26.25)
401464,-27.01,26.69,POINT (26.69 -27.01)
401465,-26.68,27.93,POINT (27.93 -26.68)
401466,-26.82,27.92,POINT (27.92 -26.82)
401467,-26.97,27.21,POINT (27.21 -26.97)
401468,-26.45,28.08,POINT (28.08 -26.45)
401469,-26.28,27.66,POINT (27.66 -26.28)
401470,-26.43,27.32,POINT (27.32 -26.43)
401471,-26.29,27.83,POINT (27.83 -26.29)
401472,-27.38,26.46,POINT (26.46 -27.38)
401473,-26.28,26.86,POINT (26.86 -26.28)
401474,-27.36,26.35,POINT (26.35 -27.36)
401475,-27.49,26.07,POINT (26.07 -27.49)
401476,-27.56,26.23,POINT (26.23 -27.56)
401477,-26.37,27.23,POINT (27.23 -26.37)
401478,-26.64,28.23,POINT (28.23 -26.64)
401479,-26.61,27.98,POINT (27.98 -26.61)
401480,-26.98,26.63,POINT (26.63 -26.98)
401481,-26.87,26.65,POINT (26.65 -26.87)
401482,-26.88,26.96,POINT (26.96 -26.88)
401483,-26.85,28.12,POINT (28.12 -26.85)
401484,-26.62,28.29,POINT (28.29 -26.62)
401485,-26.42,28.18,POINT (28.18 -26.42)
401486,-26.51,28.35,POINT (28.35 -26.51)
401487,-26.2,28.46,POINT (28.46 -26.2)
401488,-26.42,28.16,POINT (28.16 -26.42)
401489,-26.45,28.08,POINT (28.08 -26.45)
401490,-26.37,28.07,POINT (28.07 -26.37)
401491,-26.93,26.8,POINT (26.8 -26.93)
401492,-26.91,26.81,POINT (26.81 -26.91)
401493,-26.73,27.59,POINT (27.59 -26.73)
401494,-26.45,28.08,POINT (28.08 -26.45)
401495,-26.25,28.49,POINT (28.49 -26.25)
401496,-26.35,28.5,POINT (28.5 -26.35)
401497,-26.27,28.5,POINT (28.5 -26.27)
401498,-26.25,28.5,POINT (28.5 -26.25)
401499,-26.42,28.5,POINT (28.5 -26.42)
401500,-26.21,28.48,POINT (28.48 -26.21)
401501,-26.13,27.76,POINT (27.76 -26.13)
401502,-26.16,27.76,POINT (27.76 -26.16)
401503,-26.43,27.15,POINT (27.15 -26.43)
401504,-26.51,27.12,POINT (27.12 -26.51)
401505,-26.33,27.33,POINT (27.33 -26.33)
401506,-26.17,27.81,POINT (27.81 -26.17)
401507,-26.17,27.83,POINT (27.83 -26.17)
401508,-26.33,27.9,POINT (27.9 -26.33)
401509,-26.22,27.98,POINT (27.98 -26.22)
401510,-26.21,27.95,POINT (27.95 -26.21)
401511,-26.26,28.22,POINT (28.22 -26.26)
401512,-26.69,28.11,POINT (28.11 -26.69)
401514,-26.49,27.5,POINT (27.5 -26.49)
401516,-26.89,27.46,POINT (27.46 -26.89)
401517,-26.68,27.1,POINT (27.1 -26.68)
401518,-26.75,27.09,POINT (27.09 -26.75)
401519,-26.72,27.12,POINT (27.12 -26.72)
401520,-26.88,26.92,POINT (26.92 -26.88)
401521,-26.21,27.74,POINT (27.74 -26.21)
401522,-27.57,24.74,POINT (24.74 -27.57)
401523,-27.9,24.61,POINT (24.61 -27.9)
401524,-28.16,24.47,POINT (24.47 -28.16)
401525,-28.37,24.3,POINT (24.3 -28.37)
401526,-27.93,26.12,POINT (26.12 -27.93)
401527,-28.11,26.71,POINT (26.71 -28.11)
401528,-28.11,26.72,POINT (26.72 -28.11)
401529,-28.23,27.08,POINT (27.08 -28.23)
401530,-28.61,27.01,POINT (27.01 -28.61)
401531,-28.31,27.49,POINT (27.49 -28.31)
401532,-28.71,26.96,POINT (26.96 -28.71)
401533,-28.12,26.58,POINT (26.58 -28.12)
401534,-28.11,26.9,POINT (26.9 -28.11)
401535,-29.16,26.57,POINT (26.57 -29.16)
401536,-29.14,26.31,POINT (26.31 -29.14)
401537,-29.65,25.97,POINT (25.97 -29.65)
401538,-29.04,24.6,POINT (24.6 -29.04)
401539,-28.96,24.24,POINT (24.24 -28.96)
401540,-29.28,26.92,POINT (26.92 -29.28)
401541,-29.28,26.76,POINT (26.76 -29.28)
401542,-29.02,24.63,POINT (24.63 -29.02)
401543,-28.88,25.95,POINT (25.95 -28.88)
401544,-29.03,23.98,POINT (23.98 -29.03)
401545,-28.94,26.32,POINT (26.32 -28.94)
401546,-28.96,26.33,POINT (26.33 -28.96)
401547,-27.44,26.98,POINT (26.98 -27.44)
401548,-27.39,26.61,POINT (26.61 -27.39)
401549,-27.4,26.62,POINT (26.62 -27.4)
401550,-27.67,27.23,POINT (27.23 -27.67)
401551,-27.35,27.28,POINT (27.28 -27.35)
401552,-27.04,27.0,POINT (27 -27.04)
401553,-27.27,28.49,POINT (28.49 -27.27)
401554,-27.84,28.96,POINT (28.96 -27.84)
401555,-27.7,28.32,POINT (28.32 -27.7)
401556,-28.37,28.86,POINT (28.86 -28.37)
401557,-28.05,28.49,POINT (28.49 -28.05)
401558,-28.35,29.09,POINT (29.09 -28.35)
401559,-28.16,28.87,POINT (28.87 -28.16)
401560,-28.08,28.83,POINT (28.83 -28.08)
401561,-28.1,28.78,POINT (28.78 -28.1)
401562,-27.65,28.86,POINT (28.86 -27.65)
401563,-27.68,28.37,POINT (28.37 -27.68)
401564,-27.29,28.49,POINT (28.49 -27.29)
401565,-28.02,28.99,POINT (28.99 -28.02)
401566,-27.42,28.52,POINT (28.52 -27.42)
401567,-27.3,28.58,POINT (28.58 -27.3)
401568,-27.8,28.76,POINT (28.76 -27.8)
401569,-28.38,29.01,POINT (29.01 -28.38)
401570,-28.11,24.91,POINT (24.91 -28.11)
401571,-28.51,24.6,POINT (24.6 -28.51)
401572,-28.4,24.27,POINT (24.27 -28.4)
401573,-27.66,25.61,POINT (25.61 -27.66)
